date,customer_id,product,price,quantity,coupon_code,shipping_city
2014-10-18,343,Cosmetics,437.2,8446,FREESHIP,San Jose
2011-11-07,377,Vegetables,154.06,3018,HOLIDAY15,Philadelphia
2016-10-31,431,Baby Food,255.28,1517,HOLIDAY15,San Jose
2010-04-10,916,Cereal,205.7,3322,FREESHIP,San Jose
2011-08-16,904,Fruits,9.33,9845,FREESHIP,San Antonio
2014-11-24,806,Cereal,205.7,9528,HOLIDAY15,Dallas
2015-03-04,560,Cereal,205.7,2844,WELCOME20,Philadelphia
2012-05-17,156,Clothes,109.28,7299,FREESHIP,San Antonio
2015-01-29,522,Vegetables,154.06,2428,SPRINGSALE,New York
2013-12-24,985,Vegetables,154.06,4800,HOLIDAY15,Dallas
2015-12-29,775,Clothes,109.28,3012,WELCOME20,New York
2010-02-27,111,Snacks,152.58,2694,HOLIDAY15,San Diego
2016-11-17,220,Household,668.27,1508,WELCOME20,Los Angeles
2015-12-20,836,Cosmetics,437.2,4146,WELCOME20,Phoenix
2011-01-08,249,Fruits,9.33,7332,SAVE10,San Jose
2010-06-28,336,Clothes,109.28,4820,SAVE10,Dallas
2016-04-25,561,Office Supplies,651.21,2397,SAVE10,Phoenix
2012-07-27,217,Beverages,47.45,2880,SAVE10,Dallas
2014-09-08,140,Clothes,109.28,1117,SPRINGSALE,Chicago
2012-08-27,820,Household,668.27,8989,SPRINGSALE,Philadelphia
2012-09-03,185,Snacks,152.58,407,WELCOME20,San Antonio
2010-08-27,498,Clothes,109.28,6313,FREESHIP,New York
2011-02-20,964,Personal Care,81.73,9681,SAVE10,San Diego
2015-12-12,143,Clothes,109.28,515,SPRINGSALE,San Jose
2012-10-28,660,Cereal,205.7,852,SPRINGSALE,Los Angeles
2017-01-30,570,Beverages,47.45,9759,HOLIDAY15,San Jose
2014-10-22,845,Beverages,47.45,8334,WELCOME20,Phoenix
2012-01-31,721,Fruits,9.33,4709,HOLIDAY15,Philadelphia
2016-01-20,380,Meat,421.89,9043,HOLIDAY15,Los Angeles
2016-01-01,793,Personal Care,81.73,8529,FREESHIP,Phoenix
2017-06-01,287,Beverages,47.45,2391,WELCOME20,San Antonio
2015-06-30,517,Office Supplies,651.21,6884,WELCOME20,Chicago
2014-01-28,751,Fruits,9.33,293,HOLIDAY15,Philadelphia
2014-04-08,543,Baby Food,255.28,7937,HOLIDAY15,San Jose
2010-09-04,887,Beverages,47.45,7163,HOLIDAY15,Houston
2010-05-02,778,Office Supplies,651.21,2352,WELCOME20,San Diego
2013-10-03,428,Office Supplies,651.21,9915,HOLIDAY15,San Diego
2011-03-06,139,Vegetables,154.06,3294,SPRINGSALE,Chicago
2016-08-07,235,Baby Food,255.28,7963,SPRINGSALE,New York
2011-01-11,570,Office Supplies,651.21,6426,HOLIDAY15,San Jose
2014-05-21,936,Office Supplies,651.21,3221,SPRINGSALE,Los Angeles
2013-08-03,789,Beverages,47.45,9913,SPRINGSALE,New York
2011-10-05,804,Meat,421.89,103,SAVE10,Dallas
2016-11-15,987,Snacks,152.58,4419,FREESHIP,Philadelphia
2015-04-03,982,Office Supplies,651.21,5523,SPRINGSALE,San Antonio
2013-03-22,723,Beverages,47.45,3107,WELCOME20,Los Angeles
2010-08-02,393,Meat,421.89,8896,WELCOME20,Chicago
2012-01-05,743,Household,668.27,1643,SPRINGSALE,Dallas
2015-08-26,888,Personal Care,81.73,2135,FREESHIP,Philadelphia
2016-12-09,547,Meat,421.89,8189,SAVE10,San Jose
2012-05-17,689,Vegetables,154.06,9654,HOLIDAY15,San Antonio
2010-11-17,677,Vegetables,154.06,3410,SAVE10,Phoenix
2014-11-13,934,Cosmetics,437.2,8368,FREESHIP,Phoenix
2016-06-16,386,Beverages,47.45,470,HOLIDAY15,Los Angeles
2016-05-31,297,Fruits,9.33,7690,SPRINGSALE,San Antonio
2012-10-06,220,Snacks,152.58,5033,SPRINGSALE,Houston
2012-03-10,799,Office Supplies,651.21,9535,HOLIDAY15,New York
2011-01-26,275,Office Supplies,651.21,5263,WELCOME20,Philadelphia
2014-06-02,461,Vegetables,154.06,8316,SAVE10,San Diego
2016-12-17,875,Personal Care,81.73,1824,FREESHIP,San Jose
2014-06-27,434,Office Supplies,651.21,949,SAVE10,Los Angeles
2015-03-17,978,Cosmetics,437.2,7881,SPRINGSALE,New York
2013-04-03,931,Beverages,47.45,6846,WELCOME20,Los Angeles
2015-03-08,208,Clothes,109.28,9097,SAVE10,San Jose
2013-06-21,406,Personal Care,81.73,7921,FREESHIP,San Jose
2013-01-06,429,Office Supplies,651.21,3636,WELCOME20,Los Angeles
2012-03-17,535,Cereal,205.7,8590,SPRINGSALE,Chicago
2014-04-18,623,Office Supplies,651.21,2163,HOLIDAY15,San Diego
2016-01-03,668,Baby Food,255.28,5766,FREESHIP,San Antonio
2011-05-12,114,Office Supplies,651.21,7841,FREESHIP,Los Angeles
2010-07-29,467,Fruits,9.33,8862,HOLIDAY15,Phoenix
2013-08-02,794,Baby Food,255.28,6335,FREESHIP,Los Angeles
2013-10-23,624,Beverages,47.45,9794,WELCOME20,Phoenix
2017-02-05,346,Vegetables,154.06,5808,SPRINGSALE,Chicago
2015-03-20,251,Meat,421.89,2975,HOLIDAY15,Chicago
2012-05-06,310,Personal Care,81.73,6925,SAVE10,Chicago
2013-09-30,110,Meat,421.89,5319,SAVE10,Phoenix
2014-05-20,297,Office Supplies,651.21,2850,HOLIDAY15,Phoenix
2010-04-09,348,Cereal,205.7,6241,HOLIDAY15,San Antonio
2017-06-09,345,Office Supplies,651.21,9247,SPRINGSALE,New York
2015-02-08,891,Cereal,205.7,7653,FREESHIP,San Jose
2010-01-25,821,Snacks,152.58,4279,HOLIDAY15,San Jose
2010-03-07,757,Fruits,9.33,3972,HOLIDAY15,Phoenix
2013-01-03,408,Clothes,109.28,8611,SPRINGSALE,Chicago
2017-03-06,655,Snacks,152.58,2109,SPRINGSALE,San Antonio
2011-01-09,754,Beverages,47.45,5408,SPRINGSALE,San Antonio
2014-03-27,129,Cereal,205.7,1480,WELCOME20,Chicago
2013-06-28,304,Snacks,152.58,332,WELCOME20,Chicago
2011-09-04,933,Beverages,47.45,3999,SAVE10,San Jose
2016-07-14,230,Clothes,109.28,1549,HOLIDAY15,Chicago
2014-02-23,775,Baby Food,255.28,4079,WELCOME20,Philadelphia
2010-08-07,430,Clothes,109.28,9721,WELCOME20,Los Angeles
2013-01-14,528,Household,668.27,8635,SAVE10,San Jose
2010-09-30,696,Personal Care,81.73,8014,SAVE10,Chicago
2016-10-13,893,Cereal,205.7,7081,HOLIDAY15,New York
2011-03-16,526,Snacks,152.58,2091,WELCOME20,Chicago
2012-12-26,160,Fruits,9.33,1331,SPRINGSALE,Los Angeles
2015-09-02,274,Clothes,109.28,117,SAVE10,San Diego
2013-11-11,833,Household,668.27,5798,WELCOME20,Chicago
2014-08-04,564,Vegetables,154.06,2755,SAVE10,New York
2010-10-21,938,Clothes,109.28,7398,FREESHIP,Phoenix
2015-06-13,802,Vegetables,154.06,3170,SPRINGSALE,New York
2012-03-29,972,Snacks,152.58,5544,SAVE10,Los Angeles
2012-06-22,270,Vegetables,154.06,7025,HOLIDAY15,New York
2013-05-10,426,Personal Care,81.73,2149,SAVE10,San Jose
2016-12-10,236,Personal Care,81.73,2484,SPRINGSALE,San Jose
2011-03-20,128,Snacks,152.58,1629,SPRINGSALE,Houston
2011-09-22,496,Cosmetics,437.2,213,WELCOME20,San Antonio
2012-05-11,415,Beverages,47.45,897,SPRINGSALE,New York
2011-11-15,506,Clothes,109.28,3374,SAVE10,New York
2010-01-27,896,Beverages,47.45,9367,WELCOME20,San Jose
2011-08-17,684,Baby Food,255.28,7632,SPRINGSALE,San Jose
2014-09-06,530,Beverages,47.45,8954,WELCOME20,Phoenix
2014-09-03,319,Cereal,205.7,1150,FREESHIP,Phoenix
2015-09-05,968,Office Supplies,651.21,4071,WELCOME20,Phoenix
2011-06-20,727,Baby Food,255.28,4594,SPRINGSALE,Houston
2012-01-12,204,Snacks,152.58,1632,WELCOME20,San Antonio
2017-01-23,513,Household,668.27,1127,HOLIDAY15,Phoenix
2012-03-04,622,Vegetables,154.06,1052,WELCOME20,New York
2010-07-18,472,Meat,421.89,6413,WELCOME20,San Antonio
2011-04-12,513,Snacks,152.58,4245,SAVE10,Houston
2010-10-03,350,Snacks,152.58,8615,HOLIDAY15,San Antonio
2013-12-29,141,Baby Food,255.28,5624,HOLIDAY15,San Antonio
2015-09-19,109,Clothes,109.28,8399,SAVE10,Los Angeles
2011-09-17,388,Fruits,9.33,2104,WELCOME20,Philadelphia
2010-03-11,479,Snacks,152.58,8929,SPRINGSALE,Los Angeles
2012-11-10,663,Household,668.27,3098,WELCOME20,New York
2011-02-16,893,Clothes,109.28,5867,HOLIDAY15,Houston
2012-08-13,760,Cosmetics,437.2,522,FREESHIP,Philadelphia
2014-08-28,781,Snacks,152.58,7379,SAVE10,Los Angeles
2015-08-19,298,Office Supplies,651.21,8788,SPRINGSALE,Los Angeles
2011-03-20,547,Beverages,47.45,4129,WELCOME20,Philadelphia
2013-04-16,781,Beverages,47.45,4811,FREESHIP,Houston
2015-11-13,577,Baby Food,255.28,9279,SAVE10,San Diego
2014-01-10,663,Household,668.27,8006,WELCOME20,Phoenix
2015-04-09,932,Office Supplies,651.21,8496,HOLIDAY15,Philadelphia
2013-01-07,298,Household,668.27,285,SPRINGSALE,Chicago
2013-02-12,946,Personal Care,81.73,9942,SPRINGSALE,Dallas
2014-11-28,492,Meat,421.89,6064,SAVE10,Chicago
2015-01-03,827,Meat,421.89,4281,SAVE10,Chicago
2011-02-03,329,Personal Care,81.73,2256,FREESHIP,Philadelphia
2013-04-09,967,Snacks,152.58,4679,SPRINGSALE,San Jose
2017-07-26,818,Cosmetics,437.2,8275,SPRINGSALE,San Jose
2017-04-15,489,Fruits,9.33,6798,HOLIDAY15,Houston
2014-05-16,432,Baby Food,255.28,6035,HOLIDAY15,Dallas
2015-08-12,719,Baby Food,255.28,8803,SPRINGSALE,New York
2013-09-20,997,Snacks,152.58,9951,SPRINGSALE,Los Angeles
2013-10-31,690,Cereal,205.7,1358,SPRINGSALE,Chicago
2014-07-30,781,Cereal,205.7,6936,SPRINGSALE,Phoenix
2011-11-12,224,Fruits,9.33,7627,WELCOME20,Philadelphia
2010-03-25,647,Snacks,152.58,6405,SAVE10,New York
2011-07-04,910,Cereal,205.7,3274,FREESHIP,Phoenix
2011-01-01,798,Baby Food,255.28,271,FREESHIP,San Jose
2016-06-16,338,Clothes,109.28,6463,FREESHIP,San Diego
2013-12-17,480,Fruits,9.33,2949,SPRINGSALE,Philadelphia
2017-03-01,157,Meat,421.89,7859,WELCOME20,Dallas
2010-07-02,574,Baby Food,255.28,1353,FREESHIP,Phoenix
2013-07-16,688,Snacks,152.58,624,SPRINGSALE,San Antonio
2016-08-16,441,Office Supplies,651.21,4897,HOLIDAY15,Phoenix
2014-12-16,142,Meat,421.89,424,FREESHIP,Chicago
2012-05-14,514,Office Supplies,651.21,5494,SPRINGSALE,Los Angeles
2017-07-18,360,Household,668.27,5423,WELCOME20,New York
2017-07-09,162,Personal Care,81.73,7559,HOLIDAY15,Philadelphia
2011-09-30,600,Office Supplies,651.21,6283,HOLIDAY15,Philadelphia
2015-11-24,584,Vegetables,154.06,8006,WELCOME20,Phoenix
2012-08-14,863,Office Supplies,651.21,6170,HOLIDAY15,Philadelphia
2015-12-06,175,Clothes,109.28,6249,WELCOME20,Chicago
2014-05-25,911,Vegetables,154.06,748,FREESHIP,Houston
2012-10-18,770,Beverages,47.45,4203,SPRINGSALE,Chicago
2013-03-13,445,Office Supplies,651.21,8180,SPRINGSALE,Dallas
2011-02-23,979,Office Supplies,651.21,6280,HOLIDAY15,San Diego
2014-08-15,341,Household,668.27,9131,WELCOME20,Chicago
2017-07-06,122,Personal Care,81.73,9396,HOLIDAY15,Phoenix
2010-12-31,349,Clothes,109.28,6765,SPRINGSALE,Chicago
2010-01-13,692,Personal Care,81.73,2964,SPRINGSALE,Philadelphia
2011-09-17,186,Office Supplies,651.21,6746,SAVE10,Phoenix
2014-03-08,898,Office Supplies,651.21,8898,WELCOME20,Phoenix
2012-11-18,569,Clothes,109.28,7237,HOLIDAY15,San Antonio
2011-11-18,386,Personal Care,81.73,1612,SPRINGSALE,San Diego
2012-07-12,923,Beverages,47.45,8904,WELCOME20,San Antonio
2017-03-30,307,Personal Care,81.73,8022,FREESHIP,Phoenix
2010-07-26,424,Personal Care,81.73,4909,FREESHIP,San Jose
2015-12-24,874,Personal Care,81.73,7539,SPRINGSALE,San Antonio
2016-05-15,584,Office Supplies,651.21,917,FREESHIP,Houston
2010-11-03,402,Meat,421.89,2079,SPRINGSALE,San Antonio
2010-12-01,428,Meat,421.89,5093,FREESHIP,Los Angeles
2014-01-16,383,Snacks,152.58,6056,HOLIDAY15,Houston
2014-12-11,450,Baby Food,255.28,8099,SPRINGSALE,Dallas
2016-12-24,969,Cosmetics,437.2,6384,HOLIDAY15,Chicago
2013-03-21,872,Household,668.27,3101,SPRINGSALE,San Antonio
2012-12-08,546,Personal Care,81.73,2476,SAVE10,Philadelphia
2015-02-13,759,Baby Food,255.28,5763,WELCOME20,San Antonio
2012-03-28,907,Beverages,47.45,6247,SAVE10,San Antonio
2016-10-07,849,Vegetables,154.06,4247,HOLIDAY15,San Diego
2011-12-15,551,Beverages,47.45,2111,WELCOME20,Dallas
2016-03-08,834,Household,668.27,9219,SPRINGSALE,San Diego
2011-01-18,114,Baby Food,255.28,6982,HOLIDAY15,Chicago
2013-04-11,826,Clothes,109.28,3843,HOLIDAY15,Los Angeles
2010-05-18,962,Fruits,9.33,274,SPRINGSALE,Los Angeles
2017-06-05,871,Cereal,205.7,3782,WELCOME20,San Antonio
2012-09-11,143,Personal Care,81.73,3901,FREESHIP,Philadelphia
2017-03-08,228,Baby Food,255.28,7200,WELCOME20,Dallas
2015-01-28,389,Household,668.27,2278,SAVE10,Houston
2010-07-26,162,Personal Care,81.73,4763,WELCOME20,Los Angeles
2016-06-24,876,Snacks,152.58,2317,SAVE10,Philadelphia
2012-08-18,244,Meat,421.89,9633,SPRINGSALE,Los Angeles
2010-03-11,990,Vegetables,154.06,3434,SPRINGSALE,Chicago
2010-01-14,435,Vegetables,154.06,7475,FREESHIP,Phoenix
2014-02-10,638,Cereal,205.7,7542,SAVE10,New York
2014-01-21,880,Vegetables,154.06,6452,HOLIDAY15,Phoenix
2010-02-28,829,Household,668.27,9055,WELCOME20,Chicago
2015-02-18,618,Personal Care,81.73,7230,SPRINGSALE,New York
2012-06-14,387,Office Supplies,651.21,4888,HOLIDAY15,Dallas
2013-03-05,842,Clothes,109.28,2972,WELCOME20,Phoenix
2014-04-10,852,Household,668.27,4455,SAVE10,Los Angeles
2017-07-26,752,Meat,421.89,9341,SPRINGSALE,Philadelphia
2010-10-19,525,Fruits,9.33,9669,HOLIDAY15,Philadelphia
2016-11-08,994,Baby Food,255.28,4503,HOLIDAY15,Philadelphia
2014-03-31,339,Clothes,109.28,4944,FREESHIP,Philadelphia
2016-08-18,460,Vegetables,154.06,9121,WELCOME20,San Jose
2016-01-03,762,Personal Care,81.73,7196,SAVE10,San Diego
2016-10-21,915,Fruits,9.33,6360,FREESHIP,Los Angeles
2016-12-10,354,Baby Food,255.28,5837,HOLIDAY15,Chicago
2011-08-12,829,Vegetables,154.06,1882,WELCOME20,Chicago
2012-03-23,118,Clothes,109.28,2782,HOLIDAY15,San Antonio
2012-04-27,668,Snacks,152.58,3853,FREESHIP,New York
2014-01-29,405,Household,668.27,2445,SPRINGSALE,San Diego
2016-12-13,930,Household,668.27,2936,FREESHIP,San Jose
2013-11-21,964,Baby Food,255.28,1739,SAVE10,Chicago
2010-04-07,339,Clothes,109.28,2296,HOLIDAY15,New York
2012-07-08,740,Baby Food,255.28,80,FREESHIP,Phoenix
2016-10-15,189,Personal Care,81.73,7597,SAVE10,San Jose
2012-09-18,664,Meat,421.89,9381,WELCOME20,San Antonio
2017-07-02,682,Office Supplies,651.21,7002,HOLIDAY15,Philadelphia
2011-07-21,285,Cosmetics,437.2,4056,SAVE10,Dallas
2010-06-01,921,Vegetables,154.06,1175,SAVE10,Chicago
2015-07-26,441,Office Supplies,651.21,1020,HOLIDAY15,Dallas
2010-08-06,432,Baby Food,255.28,3282,FREESHIP,San Diego
2010-06-20,230,Office Supplies,651.21,9685,FREESHIP,Houston
2012-04-08,870,Cereal,205.7,8985,WELCOME20,Philadelphia
2014-02-27,365,Cereal,205.7,1967,SPRINGSALE,San Antonio
2011-07-25,784,Household,668.27,6449,FREESHIP,Philadelphia
2016-02-18,573,Baby Food,255.28,2279,SAVE10,Chicago
2014-01-24,967,Baby Food,255.28,6338,SAVE10,Philadelphia
2015-05-10,246,Personal Care,81.73,7536,HOLIDAY15,Los Angeles
2012-02-13,580,Clothes,109.28,1816,FREESHIP,Phoenix
2012-09-07,146,Cereal,205.7,7151,WELCOME20,New York
2015-02-04,271,Office Supplies,651.21,8547,SPRINGSALE,Chicago
2010-11-16,235,Fruits,9.33,3039,HOLIDAY15,Dallas
2011-07-20,661,Vegetables,154.06,4695,HOLIDAY15,Phoenix
2014-07-26,332,Beverages,47.45,9614,WELCOME20,Chicago
2014-08-24,877,Meat,421.89,924,WELCOME20,Philadelphia
2015-02-25,500,Vegetables,154.06,3789,HOLIDAY15,San Jose
2016-09-21,882,Household,668.27,399,SPRINGSALE,Chicago
2013-06-28,961,Household,668.27,4979,FREESHIP,San Diego
2012-01-05,510,Meat,421.89,8783,HOLIDAY15,San Jose
2012-05-01,393,Beverages,47.45,5098,SPRINGSALE,San Jose
2011-10-13,490,Cereal,205.7,4240,SPRINGSALE,Chicago
2016-04-27,607,Household,668.27,8559,WELCOME20,San Jose
2014-01-19,198,Meat,421.89,7435,HOLIDAY15,Chicago
2016-11-06,675,Fruits,9.33,2278,HOLIDAY15,Chicago
2011-02-28,615,Household,668.27,1531,HOLIDAY15,Chicago
2014-10-11,126,Baby Food,255.28,5668,FREESHIP,New York
2012-06-25,858,Beverages,47.45,2193,FREESHIP,Chicago
2012-11-06,529,Household,668.27,642,HOLIDAY15,Chicago
2014-02-24,609,Household,668.27,7584,SAVE10,New York
2015-09-19,400,Baby Food,255.28,1616,SAVE10,Dallas
2014-03-04,406,Snacks,152.58,8369,SAVE10,Houston
2014-10-08,666,Fruits,9.33,5503,SPRINGSALE,Los Angeles
2012-06-19,469,Vegetables,154.06,7712,SPRINGSALE,Houston
2010-11-11,128,Clothes,109.28,1718,FREESHIP,Los Angeles
2010-11-01,527,Personal Care,81.73,1276,SPRINGSALE,Dallas
2014-04-28,418,Vegetables,154.06,2173,SAVE10,San Jose
2012-12-22,891,Snacks,152.58,7227,FREESHIP,New York
2014-08-25,936,Household,668.27,1285,FREESHIP,Philadelphia
2016-11-26,267,Fruits,9.33,6227,SAVE10,Phoenix
2010-10-20,657,Cereal,205.7,5965,WELCOME20,San Antonio
2014-12-18,875,Meat,421.89,1441,WELCOME20,Chicago
2011-03-20,189,Clothes,109.28,5629,SAVE10,San Jose
2016-07-12,370,Cosmetics,437.2,8534,SPRINGSALE,Philadelphia
2011-01-26,140,Household,668.27,2191,HOLIDAY15,San Jose
2010-02-24,531,Office Supplies,651.21,5668,HOLIDAY15,Chicago
2015-01-02,820,Vegetables,154.06,64,FREESHIP,Dallas
2016-07-26,820,Office Supplies,651.21,3509,FREESHIP,San Antonio
2014-06-01,712,Vegetables,154.06,6163,SPRINGSALE,Chicago
2012-12-21,878,Beverages,47.45,5220,SPRINGSALE,Los Angeles
2010-02-27,953,Household,668.27,9902,FREESHIP,Philadelphia
2016-04-24,832,Vegetables,154.06,6465,WELCOME20,Chicago
2012-07-22,637,Vegetables,154.06,3195,FREESHIP,Los Angeles
2015-02-22,348,Cereal,205.7,5409,FREESHIP,San Antonio
2011-02-10,504,Beverages,47.45,455,SAVE10,San Antonio
2015-01-21,487,Cosmetics,437.2,2715,HOLIDAY15,San Diego
2012-05-10,569,Beverages,47.45,8598,SPRINGSALE,San Antonio
2015-12-16,921,Vegetables,154.06,1547,SPRINGSALE,Dallas
2017-02-25,610,Vegetables,154.06,7036,SPRINGSALE,Chicago
2012-01-31,184,Baby Food,255.28,7570,SAVE10,Philadelphia
2013-02-07,924,Cosmetics,437.2,7685,SAVE10,San Antonio
2014-09-14,850,Household,668.27,8948,SAVE10,San Jose
2012-06-05,663,Cereal,205.7,4957,HOLIDAY15,Philadelphia
2014-04-05,669,Cosmetics,437.2,6344,WELCOME20,Houston
2014-02-02,325,Office Supplies,651.21,5768,SAVE10,San Antonio
2010-09-01,392,Office Supplies,651.21,2923,SAVE10,San Antonio
2011-05-17,746,Office Supplies,651.21,9532,HOLIDAY15,Los Angeles
2013-04-21,257,Beverages,47.45,4349,HOLIDAY15,Chicago
2014-08-10,771,Beverages,47.45,8161,WELCOME20,San Antonio
2010-09-19,514,Snacks,152.58,8786,FREESHIP,San Antonio
2013-04-13,599,Personal Care,81.73,6071,FREESHIP,Dallas
2016-01-28,656,Fruits,9.33,6897,SAVE10,San Diego
2013-12-09,770,Clothes,109.28,175,WELCOME20,Phoenix
2014-02-21,240,Cereal,205.7,1848,WELCOME20,New York
2017-06-09,624,Clothes,109.28,9888,HOLIDAY15,Chicago
2014-04-17,605,Household,668.27,9302,SAVE10,Houston
2011-05-20,624,Fruits,9.33,7124,WELCOME20,Dallas
2012-08-28,693,Vegetables,154.06,7422,HOLIDAY15,New York
2015-07-25,960,Cosmetics,437.2,6296,SAVE10,Chicago
2014-10-27,525,Cosmetics,437.2,6874,SAVE10,San Jose
2013-10-18,852,Household,668.27,4319,WELCOME20,San Jose
2013-02-15,567,Beverages,47.45,822,SPRINGSALE,Los Angeles
2014-07-08,916,Baby Food,255.28,607,HOLIDAY15,Philadelphia
2016-12-12,799,Cereal,205.7,4928,SPRINGSALE,New York
2012-11-24,228,Cereal,205.7,7073,FREESHIP,San Diego
2014-11-03,721,Baby Food,255.28,7358,WELCOME20,Houston
2013-08-03,102,Meat,421.89,8132,SAVE10,Dallas
2012-05-23,149,Personal Care,81.73,8775,WELCOME20,New York
2015-07-22,332,Clothes,109.28,699,SPRINGSALE,Philadelphia
2017-02-01,778,Clothes,109.28,2344,HOLIDAY15,San Diego
2012-01-28,523,Beverages,47.45,4186,SPRINGSALE,New York
2015-08-03,687,Beverages,47.45,3729,FREESHIP,Phoenix
2013-06-23,180,Baby Food,255.28,508,SAVE10,New York
2011-08-03,811,Meat,421.89,1093,FREESHIP,Houston
2016-10-30,740,Meat,421.89,4080,HOLIDAY15,Philadelphia
2010-09-05,735,Vegetables,154.06,5100,HOLIDAY15,San Antonio
2013-07-13,542,Beverages,47.45,1815,WELCOME20,Houston
2012-10-09,654,Vegetables,154.06,8916,SAVE10,San Antonio
2012-01-03,310,Vegetables,154.06,3127,SAVE10,Los Angeles
2012-02-08,835,Baby Food,255.28,8203,HOLIDAY15,Dallas
2015-01-03,131,Clothes,109.28,9930,WELCOME20,Los Angeles
2012-05-13,930,Personal Care,81.73,1126,HOLIDAY15,Dallas
2012-01-13,107,Snacks,152.58,6639,SPRINGSALE,Dallas
2011-07-30,303,Cereal,205.7,8349,SAVE10,Phoenix
2017-03-13,503,Snacks,152.58,167,HOLIDAY15,Houston
2017-03-23,337,Office Supplies,651.21,3036,HOLIDAY15,San Antonio
2016-03-16,319,Baby Food,255.28,9929,SAVE10,Philadelphia
2015-12-18,184,Beverages,47.45,851,SPRINGSALE,Los Angeles
2011-10-25,860,Fruits,9.33,7838,HOLIDAY15,Chicago
2011-06-30,856,Baby Food,255.28,9958,WELCOME20,Dallas
2016-03-27,142,Cosmetics,437.2,8309,HOLIDAY15,San Jose
2016-12-23,453,Household,668.27,1021,FREESHIP,Los Angeles
2013-04-18,160,Fruits,9.33,8256,FREESHIP,San Diego
2017-03-08,836,Household,668.27,7205,WELCOME20,Los Angeles
2011-06-03,495,Personal Care,81.73,7092,WELCOME20,Phoenix
2013-11-30,502,Personal Care,81.73,4173,HOLIDAY15,San Jose
2013-05-11,117,Cereal,205.7,6733,SAVE10,Philadelphia
2010-11-13,487,Personal Care,81.73,89,HOLIDAY15,New York
2016-03-09,494,Office Supplies,651.21,1591,SAVE10,Houston
2013-08-19,162,Snacks,152.58,5618,WELCOME20,Dallas
2011-04-19,387,Beverages,47.45,8581,HOLIDAY15,Dallas
2014-07-20,693,Baby Food,255.28,3923,HOLIDAY15,Chicago
2014-09-08,527,Beverages,47.45,7117,SPRINGSALE,Philadelphia
2015-06-04,182,Household,668.27,668,SPRINGSALE,Dallas
2013-12-19,575,Cereal,205.7,9113,SAVE10,San Jose
2012-05-18,280,Cereal,205.7,4019,HOLIDAY15,San Jose
2013-10-12,656,Cosmetics,437.2,8984,HOLIDAY15,Houston
2011-01-02,551,Fruits,9.33,4638,HOLIDAY15,San Antonio
2013-02-02,383,Household,668.27,3642,FREESHIP,Houston
2011-03-19,452,Baby Food,255.28,5689,SAVE10,Chicago
2012-10-03,956,Personal Care,81.73,2503,SPRINGSALE,Dallas
2014-10-23,433,Beverages,47.45,2838,WELCOME20,Houston
2015-07-12,889,Baby Food,255.28,7480,FREESHIP,Philadelphia
2010-05-06,704,Cereal,205.7,4247,SAVE10,Houston
2010-11-27,589,Vegetables,154.06,2988,HOLIDAY15,San Jose
2010-12-26,197,Clothes,109.28,582,HOLIDAY15,San Diego
2012-12-30,174,Cosmetics,437.2,5940,SAVE10,San Diego
2016-08-21,728,Personal Care,81.73,5005,SPRINGSALE,New York
2015-02-03,679,Personal Care,81.73,5751,HOLIDAY15,Philadelphia
2013-12-19,574,Cereal,205.7,3181,HOLIDAY15,Philadelphia
2012-05-12,582,Meat,421.89,4334,SAVE10,Philadelphia
2014-03-28,963,Meat,421.89,3275,SPRINGSALE,San Jose
2017-01-11,967,Personal Care,81.73,6103,SAVE10,San Jose
2015-06-21,903,Baby Food,255.28,5949,HOLIDAY15,Phoenix
2012-11-29,601,Cosmetics,437.2,7974,WELCOME20,Los Angeles
2010-01-01,387,Vegetables,154.06,4369,HOLIDAY15,Phoenix
2016-01-06,461,Meat,421.89,9359,WELCOME20,Chicago
2014-10-14,127,Beverages,47.45,4199,HOLIDAY15,San Diego
2013-12-09,692,Office Supplies,651.21,2173,WELCOME20,San Diego
2010-10-19,804,Cereal,205.7,3601,SPRINGSALE,New York
2011-05-02,293,Personal Care,81.73,830,SAVE10,Dallas
2011-03-17,281,Snacks,152.58,3241,HOLIDAY15,San Jose
2014-09-24,349,Office Supplies,651.21,2244,FREESHIP,Houston
2015-12-01,251,Cereal,205.7,6283,HOLIDAY15,Chicago
2017-06-02,282,Cereal,205.7,5829,HOLIDAY15,Los Angeles
2011-08-04,683,Cosmetics,437.2,8390,SPRINGSALE,Los Angeles
2014-07-29,348,Meat,421.89,3499,WELCOME20,Houston
2017-01-26,170,Meat,421.89,7726,SPRINGSALE,San Jose
2010-11-05,490,Fruits,9.33,9669,FREESHIP,San Jose
2015-03-26,481,Baby Food,255.28,4957,WELCOME20,New York
2012-10-07,452,Clothes,109.28,1251,SPRINGSALE,San Diego
2013-07-22,650,Meat,421.89,3245,SAVE10,Dallas
2013-08-16,658,Cosmetics,437.2,7661,SPRINGSALE,Philadelphia
2013-11-05,716,Personal Care,81.73,8254,SPRINGSALE,Dallas
2016-03-01,574,Office Supplies,651.21,812,WELCOME20,New York
2012-03-25,625,Meat,421.89,8150,SAVE10,Houston
2017-06-20,934,Cosmetics,437.2,5118,HOLIDAY15,San Diego
2014-04-18,305,Cosmetics,437.2,3596,HOLIDAY15,New York
2016-06-28,250,Clothes,109.28,7494,FREESHIP,San Jose
2012-05-20,419,Meat,421.89,7755,HOLIDAY15,Chicago
2014-02-04,960,Office Supplies,651.21,7353,SAVE10,San Antonio
2015-11-15,948,Beverages,47.45,6293,HOLIDAY15,Chicago
2013-01-11,999,Baby Food,255.28,6610,FREESHIP,San Antonio
2013-04-24,122,Snacks,152.58,7373,FREESHIP,Philadelphia
2010-05-15,794,Cosmetics,437.2,9679,SAVE10,San Jose
2010-04-17,629,Cosmetics,437.2,1659,FREESHIP,Phoenix
2012-08-25,562,Vegetables,154.06,3473,FREESHIP,San Antonio
2014-04-19,517,Household,668.27,2315,SPRINGSALE,New York
2013-02-26,275,Household,668.27,7408,WELCOME20,San Jose
2011-12-28,689,Baby Food,255.28,5006,SAVE10,Philadelphia
2014-08-21,360,Baby Food,255.28,3395,SAVE10,Dallas
2014-08-21,973,Vegetables,154.06,7894,FREESHIP,Houston
2014-03-02,564,Cereal,205.7,5851,HOLIDAY15,Los Angeles
2012-09-06,344,Household,668.27,1646,SAVE10,Los Angeles
2010-09-16,969,Fruits,9.33,1689,SPRINGSALE,Dallas
2013-08-13,465,Beverages,47.45,9424,WELCOME20,Houston
2012-09-11,330,Personal Care,81.73,323,SPRINGSALE,Philadelphia
2011-08-31,525,Office Supplies,651.21,6892,FREESHIP,Los Angeles
2015-04-21,120,Cosmetics,437.2,3667,FREESHIP,Chicago
2010-07-11,797,Household,668.27,2215,HOLIDAY15,Chicago
2015-08-09,847,Meat,421.89,6135,WELCOME20,Phoenix
2015-10-17,422,Meat,421.89,6057,WELCOME20,Houston
2012-07-24,523,Cereal,205.7,4641,SPRINGSALE,Dallas
2012-03-25,676,Snacks,152.58,1581,SPRINGSALE,Los Angeles
2014-08-11,972,Baby Food,255.28,8600,FREESHIP,San Antonio
2016-10-15,312,Cereal,205.7,4452,HOLIDAY15,San Jose
2016-12-03,771,Cosmetics,437.2,9924,SPRINGSALE,Dallas
2010-06-12,884,Personal Care,81.73,2834,SPRINGSALE,Phoenix
2016-07-29,433,Vegetables,154.06,3030,SAVE10,Phoenix
2013-12-09,510,Office Supplies,651.21,7391,FREESHIP,Phoenix
2012-07-12,631,Clothes,109.28,4829,SAVE10,San Antonio
2012-01-14,301,Fruits,9.33,1287,HOLIDAY15,San Diego
2013-03-20,346,Personal Care,81.73,4738,SAVE10,Chicago
2014-02-10,522,Household,668.27,186,FREESHIP,Houston
2013-10-26,270,Snacks,152.58,4668,SPRINGSALE,Dallas
2016-04-16,117,Beverages,47.45,2252,HOLIDAY15,San Antonio
2011-05-27,583,Cosmetics,437.2,9036,FREESHIP,Los Angeles
2016-08-04,482,Cereal,205.7,8149,WELCOME20,Los Angeles
2012-07-03,416,Snacks,152.58,4754,SPRINGSALE,Chicago
2014-12-04,159,Beverages,47.45,1042,SAVE10,Dallas
2010-05-31,577,Cosmetics,437.2,1237,FREESHIP,San Diego
2013-02-05,214,Beverages,47.45,6594,WELCOME20,Dallas
2015-06-15,868,Beverages,47.45,399,SPRINGSALE,New York
2014-10-21,888,Vegetables,154.06,2969,SPRINGSALE,San Diego
2017-02-13,782,Snacks,152.58,6653,HOLIDAY15,Dallas
2010-06-29,979,Vegetables,154.06,832,SAVE10,San Antonio
2014-05-19,999,Vegetables,154.06,6915,FREESHIP,Los Angeles
2015-03-21,657,Meat,421.89,3346,FREESHIP,San Jose
2015-08-31,228,Office Supplies,651.21,598,WELCOME20,Philadelphia
2015-08-23,851,Personal Care,81.73,6176,HOLIDAY15,Chicago
2016-02-24,751,Cosmetics,437.2,9615,HOLIDAY15,Houston
2015-06-17,857,Household,668.27,7485,SAVE10,Los Angeles
2012-11-27,658,Cereal,205.7,8382,SAVE10,Dallas
2012-09-07,292,Snacks,152.58,7938,SAVE10,Chicago
2012-06-23,919,Clothes,109.28,3812,SAVE10,Houston
2014-10-23,558,Beverages,47.45,698,SAVE10,Dallas
2015-09-18,544,Cosmetics,437.2,5320,HOLIDAY15,Dallas
2016-01-24,146,Office Supplies,651.21,1431,WELCOME20,San Antonio
2010-03-23,565,Fruits,9.33,4818,WELCOME20,Houston
2012-07-26,623,Personal Care,81.73,8299,FREESHIP,Houston
2015-10-20,816,Clothes,109.28,6722,FREESHIP,Houston
2017-06-27,526,Office Supplies,651.21,1968,FREESHIP,San Diego
2016-04-04,270,Beverages,47.45,7946,SAVE10,Phoenix
2015-08-05,650,Clothes,109.28,5600,SAVE10,Phoenix
2012-06-16,201,Cereal,205.7,7903,HOLIDAY15,Chicago
2016-04-03,829,Cosmetics,437.2,4860,HOLIDAY15,New York
2014-09-21,278,Baby Food,255.28,8508,SPRINGSALE,San Jose
2015-08-08,391,Snacks,152.58,7913,SPRINGSALE,Los Angeles
2012-07-19,239,Office Supplies,651.21,4174,HOLIDAY15,Los Angeles
2011-08-26,384,Snacks,152.58,5421,SAVE10,Phoenix
2012-06-23,209,Household,668.27,1816,SPRINGSALE,Los Angeles
2011-11-20,160,Beverages,47.45,550,HOLIDAY15,San Jose
2015-05-13,885,Beverages,47.45,848,SAVE10,Chicago
2010-07-16,120,Personal Care,81.73,8963,SAVE10,San Jose
2016-05-21,289,Cosmetics,437.2,3183,FREESHIP,San Jose
2011-04-22,372,Cosmetics,437.2,8825,SAVE10,Los Angeles
2012-08-14,837,Beverages,47.45,3237,HOLIDAY15,Houston
2012-03-17,350,Clothes,109.28,799,SPRINGSALE,Phoenix
2010-08-06,688,Household,668.27,7922,FREESHIP,Phoenix
2013-02-25,612,Baby Food,255.28,8049,WELCOME20,Los Angeles
2011-03-06,650,Meat,421.89,6654,HOLIDAY15,Phoenix
2015-12-14,752,Office Supplies,651.21,6240,WELCOME20,San Diego
2017-02-10,504,Office Supplies,651.21,1345,HOLIDAY15,San Jose
2016-09-20,271,Office Supplies,651.21,3536,FREESHIP,San Jose
2010-04-30,353,Baby Food,255.28,6411,SPRINGSALE,San Jose
2013-06-25,930,Beverages,47.45,600,HOLIDAY15,Houston
2012-07-04,216,Household,668.27,8765,SAVE10,Los Angeles
2013-09-21,414,Snacks,152.58,597,HOLIDAY15,Dallas
2016-12-08,675,Personal Care,81.73,7821,SAVE10,San Jose
2011-09-02,550,Meat,421.89,9191,HOLIDAY15,San Jose
2011-03-21,935,Personal Care,81.73,5494,SAVE10,Chicago
2011-01-08,931,Fruits,9.33,4546,HOLIDAY15,San Diego
2015-02-22,771,Office Supplies,651.21,6197,SPRINGSALE,New York
2017-05-15,569,Fruits,9.33,7325,SAVE10,New York
2012-07-14,796,Meat,421.89,6844,SAVE10,Dallas
2015-06-25,356,Cereal,205.7,694,WELCOME20,Dallas
2011-10-26,686,Snacks,152.58,6850,WELCOME20,Chicago
2014-09-24,135,Office Supplies,651.21,316,HOLIDAY15,New York
2015-09-30,353,Office Supplies,651.21,8128,SAVE10,New York
2011-03-31,650,Meat,421.89,4355,HOLIDAY15,Chicago
2013-10-25,691,Beverages,47.45,5093,FREESHIP,Dallas
2010-08-12,445,Vegetables,154.06,3475,HOLIDAY15,San Jose
2012-07-26,137,Clothes,109.28,4659,FREESHIP,Phoenix
2012-09-30,543,Household,668.27,840,HOLIDAY15,Chicago
2012-11-09,150,Baby Food,255.28,6240,HOLIDAY15,Los Angeles
2011-11-19,308,Cereal,205.7,2114,HOLIDAY15,San Jose
2017-06-09,625,Household,668.27,1749,HOLIDAY15,New York
2011-09-17,134,Snacks,152.58,5462,HOLIDAY15,San Antonio
2015-10-23,272,Vegetables,154.06,5602,WELCOME20,Dallas
2010-04-03,529,Beverages,47.45,1547,SAVE10,San Diego
2014-07-03,193,Vegetables,154.06,4711,HOLIDAY15,Phoenix
2014-12-30,293,Cosmetics,437.2,3534,HOLIDAY15,Dallas
2014-05-19,526,Beverages,47.45,8491,SAVE10,Phoenix
2012-08-04,859,Cosmetics,437.2,7086,SAVE10,Los Angeles
2010-08-15,575,Baby Food,255.28,8856,HOLIDAY15,San Antonio
2014-04-26,637,Baby Food,255.28,368,SAVE10,Chicago
2015-06-10,416,Fruits,9.33,221,FREESHIP,Los Angeles
2010-08-12,672,Snacks,152.58,4044,WELCOME20,San Antonio
2012-08-28,348,Beverages,47.45,9499,WELCOME20,New York
2016-07-15,474,Meat,421.89,1277,SAVE10,Houston
2010-09-14,834,Vegetables,154.06,6104,WELCOME20,Chicago
2011-03-07,777,Vegetables,154.06,7733,SPRINGSALE,Houston
2012-04-30,598,Fruits,9.33,1950,SPRINGSALE,Houston
2013-05-18,536,Snacks,152.58,1574,HOLIDAY15,Los Angeles
2014-08-10,153,Meat,421.89,1452,HOLIDAY15,Los Angeles
2013-07-31,683,Snacks,152.58,3465,SPRINGSALE,San Antonio
2016-07-02,173,Fruits,9.33,1523,WELCOME20,San Jose
2011-09-13,399,Fruits,9.33,6569,SPRINGSALE,Houston
2011-04-18,472,Beverages,47.45,1578,SPRINGSALE,Los Angeles
2017-02-09,844,Meat,421.89,6552,FREESHIP,Philadelphia
2016-11-20,824,Cosmetics,437.2,3530,SAVE10,Chicago
2010-10-16,496,Baby Food,255.28,1578,SPRINGSALE,Philadelphia
2015-03-15,491,Snacks,152.58,1794,HOLIDAY15,San Jose
2013-06-25,342,Household,668.27,2309,FREESHIP,Phoenix
2012-10-11,498,Cosmetics,437.2,3284,HOLIDAY15,Los Angeles
2017-07-08,405,Fruits,9.33,1910,FREESHIP,Phoenix
2010-06-22,509,Office Supplies,651.21,7413,WELCOME20,Philadelphia
2017-02-17,977,Vegetables,154.06,6046,SAVE10,Dallas
2011-01-14,498,Meat,421.89,6096,SAVE10,New York
2016-01-09,331,Fruits,9.33,2880,SAVE10,San Diego
2011-07-18,416,Baby Food,255.28,3747,HOLIDAY15,New York
2012-03-16,332,Beverages,47.45,3077,SAVE10,Philadelphia
2010-12-15,634,Vegetables,154.06,7281,SAVE10,Chicago
2013-03-02,458,Fruits,9.33,9800,SPRINGSALE,San Diego
2010-02-17,363,Household,668.27,6110,FREESHIP,Los Angeles
2013-02-19,746,Personal Care,81.73,8714,WELCOME20,Houston
2011-10-28,322,Beverages,47.45,2149,SAVE10,Los Angeles
2015-10-26,131,Office Supplies,651.21,7982,SPRINGSALE,San Antonio
2013-02-05,840,Household,668.27,9812,HOLIDAY15,Philadelphia
2011-08-25,157,Personal Care,81.73,8269,HOLIDAY15,Los Angeles
2012-12-04,271,Meat,421.89,6014,WELCOME20,Chicago
2015-09-08,186,Baby Food,255.28,2739,SAVE10,San Antonio
2012-03-01,507,Vegetables,154.06,168,FREESHIP,New York
2014-08-05,732,Cereal,205.7,7055,SPRINGSALE,New York
2013-07-24,763,Fruits,9.33,4188,HOLIDAY15,Phoenix
2012-01-26,719,Cosmetics,437.2,9383,WELCOME20,San Antonio
2014-03-10,529,Clothes,109.28,2488,WELCOME20,Dallas
2013-09-12,936,Fruits,9.33,385,SAVE10,San Diego
2013-01-05,667,Office Supplies,651.21,1983,SAVE10,Chicago
2011-10-28,596,Cosmetics,437.2,3226,SAVE10,Houston
2010-11-21,794,Fruits,9.33,2087,WELCOME20,San Diego
2015-10-28,518,Office Supplies,651.21,3570,HOLIDAY15,Houston
2010-07-29,151,Cosmetics,437.2,4713,HOLIDAY15,New York
2014-03-30,210,Fruits,9.33,9582,WELCOME20,Chicago
2016-09-14,880,Beverages,47.45,4276,SAVE10,Phoenix
2012-09-06,418,Clothes,109.28,1925,WELCOME20,Chicago
2013-02-08,367,Snacks,152.58,7689,HOLIDAY15,San Antonio
2011-01-17,421,Personal Care,81.73,3762,FREESHIP,New York
2015-10-11,207,Cereal,205.7,4368,WELCOME20,Dallas
2011-02-21,453,Office Supplies,651.21,760,HOLIDAY15,Phoenix
2012-04-29,737,Personal Care,81.73,6225,FREESHIP,San Diego
2016-08-30,710,Meat,421.89,1080,WELCOME20,San Antonio
2014-12-20,562,Beverages,47.45,7675,SPRINGSALE,San Diego
2010-06-28,982,Clothes,109.28,5388,SPRINGSALE,Houston
2015-02-06,579,Personal Care,81.73,5631,WELCOME20,Phoenix
2015-03-30,556,Cereal,205.7,6847,SAVE10,Dallas
2013-07-28,140,Household,668.27,9509,SAVE10,Philadelphia
2010-01-06,259,Beverages,47.45,1122,HOLIDAY15,New York
2013-02-20,349,Cereal,205.7,1222,FREESHIP,San Diego
2013-08-25,619,Personal Care,81.73,6377,FREESHIP,San Diego
2010-11-16,718,Meat,421.89,5185,HOLIDAY15,Los Angeles
2016-08-02,296,Cereal,205.7,3275,SAVE10,Dallas
2013-04-25,695,Vegetables,154.06,8310,SAVE10,Houston
2011-03-02,875,Fruits,9.33,4981,FREESHIP,Philadelphia
2013-09-28,603,Household,668.27,13,SAVE10,San Antonio
2014-05-05,772,Meat,421.89,7159,SPRINGSALE,Phoenix
2014-11-28,623,Meat,421.89,2207,SPRINGSALE,Houston
2014-08-30,917,Fruits,9.33,7973,WELCOME20,Chicago
2013-11-20,305,Office Supplies,651.21,9306,SAVE10,Philadelphia
2010-02-23,153,Meat,421.89,8086,SAVE10,Dallas
2017-03-20,998,Snacks,152.58,8225,HOLIDAY15,Chicago
2015-11-08,427,Beverages,47.45,664,SPRINGSALE,Philadelphia
2010-08-09,171,Beverages,47.45,8377,SPRINGSALE,New York
2010-11-12,269,Cereal,205.7,1370,HOLIDAY15,San Jose
2011-12-14,724,Meat,421.89,1677,SPRINGSALE,New York
2014-01-10,336,Vegetables,154.06,8367,FREESHIP,San Antonio
2010-10-03,698,Vegetables,154.06,2539,SAVE10,Phoenix
2015-10-15,639,Household,668.27,2321,HOLIDAY15,Houston
2013-07-20,799,Snacks,152.58,7876,WELCOME20,Phoenix
2016-01-19,646,Snacks,152.58,6396,SPRINGSALE,New York
2013-08-17,909,Cereal,205.7,7103,FREESHIP,Los Angeles
2016-08-16,180,Vegetables,154.06,6254,SAVE10,San Diego
2013-09-25,757,Baby Food,255.28,2134,WELCOME20,Phoenix
2013-08-21,270,Meat,421.89,61,HOLIDAY15,Philadelphia
2010-12-10,924,Cosmetics,437.2,7383,SPRINGSALE,San Jose
2012-09-04,905,Vegetables,154.06,8480,FREESHIP,New York
2011-10-15,798,Cosmetics,437.2,9764,HOLIDAY15,Houston
2013-08-26,285,Household,668.27,4676,WELCOME20,San Jose
2017-02-17,923,Beverages,47.45,8691,HOLIDAY15,New York
2010-10-19,299,Baby Food,255.28,4312,HOLIDAY15,Los Angeles
2014-07-30,848,Personal Care,81.73,6077,HOLIDAY15,New York
2015-05-21,690,Personal Care,81.73,5553,SAVE10,Houston
2016-05-05,985,Personal Care,81.73,6338,HOLIDAY15,Dallas
2010-04-14,177,Office Supplies,651.21,9063,FREESHIP,San Jose
2013-10-26,358,Office Supplies,651.21,6388,WELCOME20,Los Angeles
2010-07-21,943,Vegetables,154.06,8005,SAVE10,San Jose
2015-06-09,542,Fruits,9.33,5639,FREESHIP,Chicago
2010-06-03,645,Snacks,152.58,8044,WELCOME20,San Jose
2016-05-17,539,Baby Food,255.28,6007,HOLIDAY15,Philadelphia
2013-08-03,976,Cosmetics,437.2,7344,HOLIDAY15,Los Angeles
2013-09-15,909,Vegetables,154.06,1905,FREESHIP,New York
2010-07-02,874,Meat,421.89,6569,SAVE10,San Jose
2013-12-18,652,Meat,421.89,248,SAVE10,San Antonio
2016-03-19,996,Office Supplies,651.21,8883,FREESHIP,San Antonio
2010-06-09,149,Snacks,152.58,449,FREESHIP,San Jose
2017-05-21,949,Personal Care,81.73,9950,FREESHIP,Dallas
2013-06-12,392,Cosmetics,437.2,4423,HOLIDAY15,San Diego
2010-02-22,443,Fruits,9.33,7934,FREESHIP,Chicago
2012-06-29,651,Cereal,205.7,6583,FREESHIP,Chicago
2015-03-23,605,Vegetables,154.06,3500,SPRINGSALE,Chicago
2014-02-12,922,Cereal,205.7,3844,WELCOME20,Los Angeles
2017-05-22,742,Clothes,109.28,9810,SAVE10,Philadelphia
2011-08-06,273,Vegetables,154.06,5620,SPRINGSALE,San Diego
2010-11-14,237,Baby Food,255.28,2530,HOLIDAY15,Philadelphia
2015-04-05,307,Household,668.27,3825,SPRINGSALE,Phoenix
2014-07-08,698,Vegetables,154.06,9823,SPRINGSALE,San Diego
2014-08-09,661,Clothes,109.28,2873,HOLIDAY15,Phoenix
2011-03-13,533,Clothes,109.28,2354,SPRINGSALE,San Diego
2016-03-02,189,Baby Food,255.28,9677,HOLIDAY15,Houston
2015-12-19,266,Cereal,205.7,3286,SPRINGSALE,Chicago
2013-03-28,754,Personal Care,81.73,3653,WELCOME20,Philadelphia
2015-06-27,172,Snacks,152.58,8283,WELCOME20,Phoenix
2016-02-18,731,Vegetables,154.06,6714,SAVE10,Los Angeles
2013-06-14,480,Vegetables,154.06,5511,SPRINGSALE,Chicago
2014-05-10,983,Baby Food,255.28,3273,FREESHIP,New York
2015-06-17,419,Meat,421.89,5632,SAVE10,San Diego
2014-06-11,346,Snacks,152.58,246,HOLIDAY15,San Antonio
2013-11-03,902,Cosmetics,437.2,1810,WELCOME20,Dallas
2017-04-02,271,Cosmetics,437.2,7047,WELCOME20,San Diego
2010-05-28,274,Beverages,47.45,9711,HOLIDAY15,San Diego
2010-05-22,971,Snacks,152.58,5588,HOLIDAY15,Philadelphia
2016-06-02,524,Beverages,47.45,7497,FREESHIP,San Antonio
2013-08-22,994,Meat,421.89,285,SPRINGSALE,San Jose
2014-10-05,878,Fruits,9.33,5833,HOLIDAY15,San Diego
2010-10-31,414,Meat,421.89,8052,FREESHIP,Chicago
2012-11-27,359,Clothes,109.28,7884,FREESHIP,Phoenix
2010-05-22,370,Cereal,205.7,8302,SAVE10,Chicago
2012-08-31,390,Snacks,152.58,9312,SPRINGSALE,New York
2015-01-23,346,Cereal,205.7,2950,WELCOME20,Los Angeles
2010-03-02,588,Beverages,47.45,8282,WELCOME20,Los Angeles
2014-05-09,814,Cosmetics,437.2,6409,SAVE10,San Jose
2010-12-28,782,Snacks,152.58,5459,SPRINGSALE,Los Angeles
2014-10-19,601,Household,668.27,5594,SAVE10,San Diego
2015-01-21,533,Meat,421.89,4006,FREESHIP,Los Angeles
2017-04-04,758,Beverages,47.45,9919,WELCOME20,San Diego
2016-08-05,233,Meat,421.89,9587,SPRINGSALE,New York
2016-11-26,307,Household,668.27,1297,HOLIDAY15,Dallas
2011-09-23,588,Beverages,47.45,366,SPRINGSALE,Chicago
2010-10-24,973,Personal Care,81.73,4144,SPRINGSALE,Phoenix
2013-08-14,730,Baby Food,255.28,7008,FREESHIP,Dallas
2013-02-04,496,Cosmetics,437.2,5372,FREESHIP,San Diego
2014-08-11,121,Vegetables,154.06,2677,SPRINGSALE,Dallas
2017-01-12,287,Office Supplies,651.21,4396,WELCOME20,Dallas
2016-07-03,567,Meat,421.89,3036,HOLIDAY15,Chicago
2010-03-27,536,Office Supplies,651.21,3131,FREESHIP,Houston
2015-06-05,505,Beverages,47.45,6249,HOLIDAY15,Houston
2012-06-27,155,Household,668.27,5990,HOLIDAY15,San Jose
2016-12-19,764,Office Supplies,651.21,2982,FREESHIP,New York
2015-03-09,307,Personal Care,81.73,9886,FREESHIP,Los Angeles
2013-06-18,749,Snacks,152.58,6397,FREESHIP,New York
2011-08-12,783,Office Supplies,651.21,4236,SPRINGSALE,Phoenix
2014-04-17,710,Clothes,109.28,2158,FREESHIP,San Jose
2012-02-03,834,Baby Food,255.28,951,HOLIDAY15,Dallas
2015-08-01,451,Office Supplies,651.21,8431,SAVE10,San Antonio
2013-09-11,577,Baby Food,255.28,4447,HOLIDAY15,San Diego
2015-05-08,474,Snacks,152.58,5879,FREESHIP,New York
2015-05-22,836,Snacks,152.58,1637,FREESHIP,San Antonio
2013-07-03,798,Snacks,152.58,7665,FREESHIP,San Antonio
2010-06-16,754,Personal Care,81.73,1936,SAVE10,Houston
2011-11-08,376,Beverages,47.45,9455,FREESHIP,Philadelphia
2016-10-17,839,Fruits,9.33,7258,HOLIDAY15,San Diego
2014-02-02,579,Vegetables,154.06,9412,WELCOME20,Dallas
2016-04-30,400,Meat,421.89,2016,WELCOME20,Philadelphia
2010-08-31,837,Cosmetics,437.2,8200,HOLIDAY15,Phoenix
2015-08-08,443,Personal Care,81.73,3124,SPRINGSALE,Phoenix
2016-08-18,548,Cereal,205.7,8983,WELCOME20,Chicago
2015-06-18,820,Clothes,109.28,9998,WELCOME20,Los Angeles
2011-01-28,913,Clothes,109.28,7425,WELCOME20,New York
2011-02-04,987,Beverages,47.45,4550,SAVE10,San Diego
2012-11-03,544,Vegetables,154.06,1691,SAVE10,Phoenix
2014-09-18,358,Clothes,109.28,1196,FREESHIP,Philadelphia
2012-05-17,689,Baby Food,255.28,2444,FREESHIP,Chicago
2010-02-20,601,Personal Care,81.73,6848,SPRINGSALE,San Diego
2017-02-28,556,Vegetables,154.06,2849,HOLIDAY15,San Jose
2013-05-17,262,Personal Care,81.73,921,WELCOME20,San Diego
2013-11-09,315,Baby Food,255.28,8569,SAVE10,Dallas
2012-01-10,421,Clothes,109.28,5330,SPRINGSALE,San Jose
2013-09-24,145,Fruits,9.33,7769,SAVE10,Dallas
2010-09-26,469,Personal Care,81.73,4487,FREESHIP,Philadelphia
2014-10-21,597,Cereal,205.7,1113,SAVE10,New York
2016-01-17,676,Household,668.27,5308,WELCOME20,Los Angeles
2016-12-27,356,Vegetables,154.06,1764,FREESHIP,Philadelphia
2013-08-30,530,Beverages,47.45,7206,SAVE10,Philadelphia
2014-07-07,943,Office Supplies,651.21,5387,HOLIDAY15,Houston
2013-11-29,217,Office Supplies,651.21,2095,SPRINGSALE,Phoenix
2011-01-29,603,Clothes,109.28,146,SPRINGSALE,Dallas
2013-11-13,196,Snacks,152.58,4390,SPRINGSALE,Houston
2012-04-09,982,Fruits,9.33,6705,SPRINGSALE,New York
2012-06-28,317,Office Supplies,651.21,1004,SAVE10,Dallas
2010-06-08,372,Clothes,109.28,8228,FREESHIP,Los Angeles
2010-08-23,422,Office Supplies,651.21,1352,WELCOME20,Dallas
2014-12-11,108,Snacks,152.58,379,SAVE10,Philadelphia
2011-01-27,536,Clothes,109.28,7347,HOLIDAY15,San Jose
2014-05-07,850,Personal Care,81.73,1322,SAVE10,Chicago
2010-11-08,508,Cereal,205.7,3404,SAVE10,San Antonio
2014-03-30,139,Fruits,9.33,1721,FREESHIP,Dallas
2016-07-09,914,Clothes,109.28,6436,SPRINGSALE,San Jose
2014-07-15,489,Meat,421.89,4741,HOLIDAY15,San Antonio
2013-10-14,895,Beverages,47.45,5859,SAVE10,Philadelphia
2017-01-13,735,Snacks,152.58,6045,HOLIDAY15,Los Angeles
2012-12-22,658,Meat,421.89,3585,SAVE10,Houston
2010-04-16,803,Personal Care,81.73,3797,SAVE10,San Jose
2011-02-27,118,Cosmetics,437.2,4029,FREESHIP,Philadelphia
2015-01-14,924,Clothes,109.28,8661,SAVE10,Houston
2014-11-16,299,Vegetables,154.06,4105,WELCOME20,Los Angeles
2016-01-17,496,Cosmetics,437.2,3803,SAVE10,Los Angeles
2017-05-29,846,Cereal,205.7,3227,SPRINGSALE,Phoenix
2015-02-10,517,Fruits,9.33,4884,WELCOME20,Dallas
2013-12-08,223,Office Supplies,651.21,3309,SAVE10,San Jose
2015-12-10,952,Office Supplies,651.21,70,SPRINGSALE,New York
2016-09-04,305,Beverages,47.45,8766,FREESHIP,Houston
2016-07-19,590,Personal Care,81.73,25,SPRINGSALE,Houston
2017-01-09,847,Beverages,47.45,6510,SPRINGSALE,Phoenix
2016-11-05,219,Personal Care,81.73,7913,WELCOME20,Philadelphia
2015-10-31,895,Clothes,109.28,5957,SPRINGSALE,Dallas
2011-01-25,347,Beverages,47.45,9397,FREESHIP,Phoenix
2015-11-08,445,Cosmetics,437.2,9020,SAVE10,San Diego
2010-06-24,644,Snacks,152.58,2643,FREESHIP,San Jose
2014-02-27,792,Beverages,47.45,114,SAVE10,Los Angeles
2013-02-05,160,Meat,421.89,8313,WELCOME20,Dallas
2017-04-15,135,Vegetables,154.06,6152,FREESHIP,Dallas
2011-04-09,493,Meat,421.89,9572,FREESHIP,Los Angeles
2010-12-13,111,Personal Care,81.73,6548,WELCOME20,Philadelphia
2014-05-13,883,Meat,421.89,2085,FREESHIP,Houston
2013-01-16,673,Personal Care,81.73,3217,WELCOME20,New York
2010-12-09,407,Household,668.27,4014,SPRINGSALE,Dallas
2013-01-24,582,Baby Food,255.28,573,HOLIDAY15,Phoenix
2014-02-25,213,Cosmetics,437.2,6025,HOLIDAY15,San Diego
2017-07-23,781,Fruits,9.33,5530,FREESHIP,San Jose
2016-05-07,339,Household,668.27,1280,WELCOME20,San Antonio
2012-03-24,501,Office Supplies,651.21,7501,SPRINGSALE,San Diego
2011-10-03,114,Household,668.27,5446,FREESHIP,Chicago
2014-12-22,170,Office Supplies,651.21,8401,HOLIDAY15,Philadelphia
2011-08-23,714,Personal Care,81.73,6684,FREESHIP,San Diego
2015-04-18,815,Beverages,47.45,2644,SAVE10,San Jose
2014-01-11,749,Vegetables,154.06,5660,SAVE10,Phoenix
2012-02-27,811,Office Supplies,651.21,7144,WELCOME20,Dallas
2011-04-04,545,Clothes,109.28,5537,HOLIDAY15,Philadelphia
2013-12-26,775,Beverages,47.45,1315,SPRINGSALE,New York
2012-09-12,960,Vegetables,154.06,1980,SPRINGSALE,San Diego
2015-12-19,811,Vegetables,154.06,7071,SPRINGSALE,Chicago
2014-06-26,193,Vegetables,154.06,3153,WELCOME20,Phoenix
2015-03-02,975,Office Supplies,651.21,8826,FREESHIP,Dallas
2014-08-17,181,Beverages,47.45,9719,FREESHIP,San Antonio
2010-07-19,933,Personal Care,81.73,3494,FREESHIP,San Diego
2013-01-14,882,Household,668.27,4843,WELCOME20,Phoenix
2010-07-19,370,Snacks,152.58,490,FREESHIP,Dallas
2011-07-11,224,Cosmetics,437.2,4189,SAVE10,San Antonio
2010-05-04,163,Fruits,9.33,1727,WELCOME20,Chicago
2013-10-13,417,Clothes,109.28,5921,SPRINGSALE,New York
2014-07-27,490,Vegetables,154.06,1619,WELCOME20,San Jose
2010-04-04,772,Office Supplies,651.21,702,SAVE10,San Diego
2014-08-17,235,Meat,421.89,7081,WELCOME20,San Antonio
2016-01-04,804,Baby Food,255.28,1698,SPRINGSALE,Chicago
2011-05-17,296,Baby Food,255.28,7526,SPRINGSALE,Houston
2010-02-12,803,Beverages,47.45,4571,WELCOME20,Dallas
2015-02-17,405,Household,668.27,4869,WELCOME20,New York
2011-06-07,671,Meat,421.89,7487,SPRINGSALE,San Antonio
2015-05-26,815,Fruits,9.33,3524,WELCOME20,New York
2010-05-24,843,Snacks,152.58,1109,SAVE10,San Jose
2011-02-21,216,Baby Food,255.28,404,WELCOME20,San Diego
2014-06-28,876,Personal Care,81.73,8601,SPRINGSALE,Los Angeles
2010-10-15,752,Cosmetics,437.2,4924,SPRINGSALE,San Antonio
2010-05-18,624,Vegetables,154.06,5628,SAVE10,New York
2017-02-02,323,Personal Care,81.73,8998,HOLIDAY15,Houston
2016-11-24,259,Office Supplies,651.21,352,FREESHIP,San Antonio
2011-12-23,701,Baby Food,255.28,7040,SAVE10,Philadelphia
2016-12-05,500,Clothes,109.28,3440,SAVE10,San Jose
2017-02-16,958,Clothes,109.28,5963,WELCOME20,New York
2010-05-18,600,Cosmetics,437.2,8053,SAVE10,Philadelphia
2010-09-07,980,Baby Food,255.28,5183,SPRINGSALE,Chicago
2014-03-12,601,Cosmetics,437.2,9858,FREESHIP,New York
2010-07-16,514,Personal Care,81.73,6613,HOLIDAY15,Phoenix
2016-12-05,305,Cosmetics,437.2,7017,WELCOME20,New York
2013-10-08,924,Vegetables,154.06,4667,FREESHIP,San Diego
2016-08-09,681,Baby Food,255.28,194,WELCOME20,Dallas
2011-10-06,949,Meat,421.89,6259,WELCOME20,Dallas
2013-02-17,207,Meat,421.89,2554,HOLIDAY15,Philadelphia
2012-12-14,343,Fruits,9.33,804,SAVE10,Houston
2015-11-20,657,Fruits,9.33,9762,SPRINGSALE,San Jose
2012-07-07,666,Meat,421.89,214,SAVE10,San Diego
2013-06-02,907,Meat,421.89,9980,SPRINGSALE,San Jose
2015-02-04,888,Baby Food,255.28,8906,SPRINGSALE,Dallas
2011-04-28,272,Fruits,9.33,3872,SAVE10,Phoenix
2012-02-01,669,Baby Food,255.28,3791,HOLIDAY15,Chicago
2017-01-29,121,Vegetables,154.06,4604,FREESHIP,Philadelphia
2011-12-01,393,Clothes,109.28,4285,SAVE10,Chicago
2017-05-08,924,Cosmetics,437.2,7839,FREESHIP,Houston
2017-05-03,945,Cereal,205.7,2302,WELCOME20,San Diego
2015-10-31,932,Cosmetics,437.2,1741,SPRINGSALE,San Diego
2010-04-11,160,Clothes,109.28,2256,SPRINGSALE,Dallas
2010-07-17,214,Vegetables,154.06,6975,HOLIDAY15,Philadelphia
2012-05-31,614,Cereal,205.7,1060,WELCOME20,New York
2016-07-15,952,Vegetables,154.06,6703,WELCOME20,Dallas
2017-01-14,739,Cosmetics,437.2,8128,WELCOME20,Chicago
2012-11-26,711,Snacks,152.58,6591,SPRINGSALE,Phoenix
2011-10-03,760,Cereal,205.7,5376,FREESHIP,Dallas
2010-11-30,956,Baby Food,255.28,4802,FREESHIP,Philadelphia
2016-05-08,957,Vegetables,154.06,7217,SPRINGSALE,New York
2016-02-27,918,Beverages,47.45,2001,SAVE10,San Jose
2014-08-24,379,Vegetables,154.06,564,HOLIDAY15,San Antonio
2013-05-26,530,Vegetables,154.06,1351,SAVE10,Houston
2015-01-26,567,Vegetables,154.06,4833,SPRINGSALE,San Antonio
2012-01-07,298,Snacks,152.58,8516,FREESHIP,Houston
2012-10-21,344,Cosmetics,437.2,1937,SPRINGSALE,Los Angeles
2015-09-16,847,Household,668.27,1661,HOLIDAY15,Houston
2012-06-28,136,Meat,421.89,6289,FREESHIP,Phoenix
2014-12-02,483,Snacks,152.58,1450,SPRINGSALE,Houston
2013-02-04,707,Household,668.27,4805,HOLIDAY15,Los Angeles
2017-02-17,707,Cosmetics,437.2,1047,SAVE10,Los Angeles
2015-06-24,465,Beverages,47.45,6899,WELCOME20,Houston
2016-07-30,862,Cereal,205.7,6115,HOLIDAY15,San Jose
2014-10-23,558,Cosmetics,437.2,4483,HOLIDAY15,Houston
2016-12-16,963,Baby Food,255.28,4820,HOLIDAY15,San Diego
2015-09-28,331,Baby Food,255.28,1973,SPRINGSALE,New York
2016-04-16,472,Snacks,152.58,7824,SPRINGSALE,Houston
2017-03-27,377,Snacks,152.58,6283,FREESHIP,Los Angeles
2014-06-25,410,Office Supplies,651.21,8292,HOLIDAY15,Houston
2012-07-29,435,Clothes,109.28,6826,HOLIDAY15,Phoenix
2013-05-04,619,Fruits,9.33,1888,WELCOME20,Phoenix
2012-02-02,278,Snacks,152.58,5516,SAVE10,Dallas
2016-07-24,245,Household,668.27,6777,SAVE10,Phoenix
2012-11-04,669,Personal Care,81.73,6769,SAVE10,Los Angeles
2014-08-05,444,Personal Care,81.73,3621,WELCOME20,Philadelphia
2013-10-22,366,Office Supplies,651.21,7497,HOLIDAY15,New York
2014-12-01,529,Beverages,47.45,5586,SAVE10,San Antonio
2015-11-02,138,Personal Care,81.73,7114,SPRINGSALE,Los Angeles
2011-10-07,976,Cereal,205.7,8335,HOLIDAY15,San Antonio
2014-02-09,405,Snacks,152.58,7536,HOLIDAY15,Los Angeles
2016-05-29,899,Office Supplies,651.21,33,SAVE10,Philadelphia
2013-04-08,272,Baby Food,255.28,3175,FREESHIP,Dallas
2011-09-20,547,Beverages,47.45,1343,HOLIDAY15,Chicago
2012-04-12,532,Vegetables,154.06,947,WELCOME20,Phoenix
2012-10-02,209,Vegetables,154.06,5429,HOLIDAY15,San Diego
2012-01-02,316,Baby Food,255.28,264,SAVE10,San Diego
2013-09-30,789,Vegetables,154.06,7956,FREESHIP,Chicago
2015-03-10,106,Baby Food,255.28,3041,SAVE10,Los Angeles
2010-10-26,707,Baby Food,255.28,7088,SPRINGSALE,San Diego
2011-05-02,792,Beverages,47.45,3693,SAVE10,New York
2017-02-19,885,Meat,421.89,3488,HOLIDAY15,Phoenix
2014-07-20,721,Cosmetics,437.2,9133,WELCOME20,San Diego
2017-06-18,637,Personal Care,81.73,321,SAVE10,Dallas
2010-07-19,504,Beverages,47.45,8775,WELCOME20,Dallas
2013-08-09,153,Clothes,109.28,3251,SPRINGSALE,San Jose
2017-03-23,336,Cereal,205.7,4534,SAVE10,New York
2016-10-31,558,Fruits,9.33,441,HOLIDAY15,San Diego
2016-07-03,678,Fruits,9.33,822,SAVE10,Houston
2010-01-07,526,Cosmetics,437.2,2557,SPRINGSALE,Los Angeles
2014-12-06,623,Beverages,47.45,4556,FREESHIP,San Antonio
2015-10-16,403,Vegetables,154.06,2761,SPRINGSALE,Philadelphia
2013-05-10,116,Cereal,205.7,5147,WELCOME20,San Antonio
2013-03-27,891,Cereal,205.7,6719,SAVE10,Dallas
2014-07-13,723,Snacks,152.58,4512,SPRINGSALE,Houston
2013-08-16,302,Beverages,47.45,2594,FREESHIP,Los Angeles
2015-07-14,648,Household,668.27,7063,FREESHIP,San Antonio
2014-12-23,324,Household,668.27,1050,SAVE10,Phoenix
2015-04-27,761,Cereal,205.7,9715,FREESHIP,New York
2017-03-14,644,Fruits,9.33,5251,HOLIDAY15,Los Angeles
2014-10-02,136,Cosmetics,437.2,1881,FREESHIP,New York
2014-07-13,171,Cereal,205.7,861,HOLIDAY15,San Antonio
2016-07-31,692,Beverages,47.45,5477,SPRINGSALE,San Jose
2010-08-30,927,Personal Care,81.73,6045,SPRINGSALE,New York
2010-04-22,158,Beverages,47.45,4915,SAVE10,San Jose
2011-03-09,440,Household,668.27,1466,FREESHIP,New York
2010-01-13,744,Meat,421.89,7110,SAVE10,Phoenix
2016-01-06,835,Cosmetics,437.2,289,SAVE10,Phoenix
2016-08-17,906,Baby Food,255.28,1476,SPRINGSALE,San Antonio
2011-10-22,359,Personal Care,81.73,8177,WELCOME20,Los Angeles
2010-02-12,999,Cosmetics,437.2,9928,SPRINGSALE,Phoenix
2017-05-29,949,Cosmetics,437.2,3295,FREESHIP,Phoenix
2010-04-17,358,Household,668.27,6878,WELCOME20,Houston
2015-09-08,932,Baby Food,255.28,6307,HOLIDAY15,Phoenix
2016-02-13,813,Baby Food,255.28,9242,FREESHIP,Dallas
2014-02-16,321,Snacks,152.58,376,SAVE10,Phoenix
2013-04-22,126,Fruits,9.33,6433,WELCOME20,Philadelphia
2014-07-15,757,Cosmetics,437.2,1167,HOLIDAY15,New York
2012-03-07,291,Vegetables,154.06,365,FREESHIP,San Antonio
2013-01-14,178,Vegetables,154.06,6844,SAVE10,Houston
2017-05-22,975,Snacks,152.58,5453,HOLIDAY15,San Jose
2015-03-23,642,Vegetables,154.06,8071,SAVE10,San Jose
2012-09-28,304,Fruits,9.33,8610,HOLIDAY15,Houston
2013-06-06,826,Baby Food,255.28,8012,SPRINGSALE,San Antonio
2014-04-02,677,Clothes,109.28,9250,SPRINGSALE,San Jose
2017-01-13,917,Clothes,109.28,2331,SPRINGSALE,San Jose
2017-02-03,304,Cereal,205.7,9289,FREESHIP,Houston
2014-08-05,698,Beverages,47.45,9192,FREESHIP,Phoenix
2010-10-06,809,Cereal,205.7,3139,SAVE10,San Jose
2011-09-10,735,Personal Care,81.73,9259,SPRINGSALE,Los Angeles
2016-12-12,285,Baby Food,255.28,7714,SAVE10,Phoenix
2015-10-26,445,Office Supplies,651.21,5696,SAVE10,Philadelphia
2013-10-14,570,Cosmetics,437.2,2429,SPRINGSALE,Houston
2013-08-17,406,Baby Food,255.28,4168,HOLIDAY15,San Diego
2011-08-07,941,Fruits,9.33,9199,SAVE10,San Diego
2016-05-22,168,Personal Care,81.73,2838,WELCOME20,New York
2015-01-13,800,Cereal,205.7,2436,WELCOME20,Houston
2014-07-22,239,Fruits,9.33,2371,SPRINGSALE,Dallas
2015-06-25,897,Cereal,205.7,9055,WELCOME20,San Antonio
2015-08-10,550,Clothes,109.28,5930,HOLIDAY15,Dallas
2013-10-19,809,Fruits,9.33,8470,SPRINGSALE,Philadelphia
2013-10-09,783,Personal Care,81.73,9180,HOLIDAY15,Chicago
2012-09-26,555,Personal Care,81.73,2595,WELCOME20,Houston
2012-10-02,464,Cereal,205.7,284,SAVE10,New York
2016-12-11,591,Clothes,109.28,5844,WELCOME20,San Antonio
2010-07-26,214,Fruits,9.33,9907,HOLIDAY15,Philadelphia
2010-03-27,169,Cereal,205.7,5132,WELCOME20,Los Angeles
2014-09-11,702,Beverages,47.45,1212,WELCOME20,Dallas
2016-03-09,166,Snacks,152.58,9872,SPRINGSALE,Houston
2011-10-19,845,Office Supplies,651.21,9865,FREESHIP,Chicago
2014-10-31,945,Snacks,152.58,1978,SAVE10,Houston
2013-02-23,203,Fruits,9.33,4028,SAVE10,San Antonio
2010-10-25,277,Clothes,109.28,5864,HOLIDAY15,Dallas
2016-10-04,464,Vegetables,154.06,4366,SAVE10,Los Angeles
2010-09-04,491,Beverages,47.45,8445,FREESHIP,San Antonio
2014-12-22,390,Meat,421.89,4043,SPRINGSALE,Los Angeles
2015-04-08,582,Household,668.27,9135,FREESHIP,San Antonio
2017-03-02,771,Cosmetics,437.2,8724,FREESHIP,Dallas
2012-03-14,485,Household,668.27,9847,WELCOME20,Chicago
2011-11-22,139,Clothes,109.28,6571,FREESHIP,New York
2013-09-08,406,Clothes,109.28,4995,WELCOME20,Chicago
2012-04-23,831,Fruits,9.33,8250,SAVE10,Chicago
2011-02-14,403,Fruits,9.33,1495,HOLIDAY15,San Diego
2010-10-06,837,Vegetables,154.06,6923,WELCOME20,Houston
2012-12-08,706,Vegetables,154.06,8759,HOLIDAY15,Dallas
2016-08-17,466,Personal Care,81.73,8256,FREESHIP,Houston
2014-04-23,362,Beverages,47.45,8702,HOLIDAY15,San Diego
2010-11-18,438,Office Supplies,651.21,413,SAVE10,San Antonio
2012-04-22,880,Household,668.27,5738,WELCOME20,New York
2014-04-05,402,Household,668.27,4057,FREESHIP,New York
2013-06-21,691,Beverages,47.45,6781,SPRINGSALE,Dallas
2011-07-13,659,Cosmetics,437.2,2352,SPRINGSALE,Dallas
2011-02-01,501,Snacks,152.58,1245,FREESHIP,San Diego
2012-01-27,269,Meat,421.89,963,SPRINGSALE,Houston
2015-06-24,203,Vegetables,154.06,1044,SAVE10,New York
2012-01-03,128,Snacks,152.58,8054,WELCOME20,San Antonio
2016-02-21,268,Cereal,205.7,592,WELCOME20,New York
2016-12-04,494,Vegetables,154.06,4288,SPRINGSALE,Dallas
2012-01-16,796,Meat,421.89,6803,WELCOME20,Dallas
2011-08-06,762,Clothes,109.28,2830,FREESHIP,San Jose
2011-08-12,154,Clothes,109.28,9092,FREESHIP,Los Angeles
2012-12-18,198,Meat,421.89,9344,WELCOME20,San Antonio
2010-01-10,149,Household,668.27,9372,HOLIDAY15,Chicago
2017-02-28,654,Beverages,47.45,1993,WELCOME20,Philadelphia
2011-12-08,588,Beverages,47.45,2057,SAVE10,Los Angeles
2014-08-18,374,Cereal,205.7,1443,SPRINGSALE,San Jose
2016-04-19,447,Beverages,47.45,4062,SPRINGSALE,Philadelphia
2012-11-06,922,Clothes,109.28,856,FREESHIP,New York
2016-05-27,783,Snacks,152.58,4800,SPRINGSALE,Dallas
2013-08-18,578,Office Supplies,651.21,5898,FREESHIP,San Jose
2014-12-31,753,Personal Care,81.73,6186,SPRINGSALE,New York
2013-02-04,567,Office Supplies,651.21,4732,SPRINGSALE,Dallas
2016-09-23,547,Clothes,109.28,2633,WELCOME20,New York
2016-11-01,921,Household,668.27,8021,HOLIDAY15,Dallas
2012-12-27,649,Snacks,152.58,1057,WELCOME20,Chicago
2017-03-10,343,Cereal,205.7,8932,WELCOME20,Los Angeles
2012-03-17,494,Beverages,47.45,870,FREESHIP,San Diego
2015-12-17,680,Cereal,205.7,3126,WELCOME20,Philadelphia
2017-02-18,153,Beverages,47.45,3987,SAVE10,San Jose
2016-11-05,195,Baby Food,255.28,8769,SPRINGSALE,Philadelphia
2017-04-09,290,Meat,421.89,4821,SAVE10,Phoenix
2010-04-18,835,Snacks,152.58,6524,SPRINGSALE,Chicago
2011-08-01,845,Baby Food,255.28,288,SPRINGSALE,Chicago
2011-05-12,739,Vegetables,154.06,9556,WELCOME20,San Diego
2016-01-25,648,Household,668.27,9801,WELCOME20,San Diego
2014-04-10,677,Cereal,205.7,3528,SPRINGSALE,Los Angeles
